<?xml version="1.0" encoding="UTF-8"?>
<!DOCTYPE configuration
PUBLIC "-//mybatis.org//DTD Config 3.0//EN"
"http://mybatis.org/dtd/mybatis-3-config.dtd">
<configuration>
   <!--配置全局属性-->
   <settings>
       <!--使用jdbc的getGeneratekeys获取自增主键值-->
       <setting name="useGeneratedKeys" value="true"/>
       <!--使用列别名替换列名　　默认值为true
       select name as title(实体中的属性名是title) form table;
                     开启后mybatis会自动帮我们把表中name的值赋到对应实体的title属性中
       -->
       <setting name="useColumnLabel" value="true"/>

       <!--开启驼峰命名转换Table:create_time到 Entity(createTime)-->
       <setting name="mapUnderscoreToCamelCase" value="true"/>
   </settings>
    <!-- 配置分页插件 -->
    <plugins>
        <plugin interceptor="com.github.pagehelper.PageHelper">
            <!-- 设置数据库类型 Oracle,Mysql,MariaDB,SQLite,Hsqldb,PostgreSQL六种数据库-->        
            <property name="dialect" value="mysql"/>
        </plugin>
    </plugins>
</configuration>